{"config": {"view": {"continuousWidth": 300, "continuousHeight": 300}}, "data": {"name": "data-54ff00362ec33eb8e0e650fb6eea8df4"}, "mark": {"type": "geoshape", "stroke": "black", "strokeWidth": 0.5}, "encoding": {"color": {"field": "Region_Type", "scale": {"domain": ["Sub-Saharan Africa", "North Africa"], "range": ["#008080", "#FFD700"]}, "title": "African Region", "type": "nominal"}, "tooltip": [{"field": "Country", "title": "Country", "type": "nominal"}, {"field": "Region_Type", "type": "nominal"}]}, "height": 600, "projection": {"type": "mercator"}, "title": "Regional Classification of African Countries", "transform": [{"lookup": "id", "from": {"data": {"name": "data-54ff00362ec33eb8e0e650fb6eea8df4"}, "key": "Country_Code", "fields": ["Country", "Region_Type"]}}], "width": 800, "$schema": "https://vega.github.io/schema/vega-lite/v5.20.1.json", "datasets": {"data-54ff00362ec33eb8e0e650fb6eea8df4": [{"Country": "Algeria", "Country_Code": "DZA", "Region_Type": "North Africa"}, {"Country": "Angola", "Country_Code": "AGO", "Region_Type": "Sub-Saharan Africa"}, {"Country": "Benin", "Country_Code": "BEN", "Region_Type": "Sub-Saharan Africa"}, {"Country": "Botswana", "Country_Code": "BWA", "Region_Type": "Sub-Saharan Africa"}, {"Country": "Burkina Faso", "Country_Code": "BFA", "Region_Type": "Sub-Saharan Africa"}, {"Country": "Burundi", "Country_Code": "BDI", "Region_Type": "Sub-Saharan Africa"}, {"Country": "Cabo Verde", "Country_Code": "CPV", "Region_Type": "Sub-Saharan Africa"}, {"Country": "Cameroon", "Country_Code": "CMR", "Region_Type": "Sub-Saharan Africa"}, {"Country": "Central African Republic", "Country_Code": "CAF", "Region_Type": "Sub-Saharan Africa"}, {"Country": "Chad", "Country_Code": "TCD", "Region_Type": "Sub-Saharan Africa"}, {"Country": "Comoros", "Country_Code": "COM", "Region_Type": "Sub-Saharan Africa"}, {"Country": "Congo, Dem. Rep.", "Country_Code": "COD", "Region_Type": "Sub-Saharan Africa"}, {"Country": "Congo, Rep.", "Country_Code": "COG", "Region_Type": "Sub-Saharan Africa"}, {"Country": "Cote d'Ivoire", "Country_Code": "CIV", "Region_Type": "Sub-Saharan Africa"}, {"Country": "Djibouti", "Country_Code": "DJI", "Region_Type": "Sub-Saharan Africa"}, {"Country": "Egypt, Arab Rep.", "Country_Code": "EGY", "Region_Type": "Sub-Saharan Africa"}, {"Country": "Equatorial Guinea", "Country_Code": "GNQ", "Region_Type": "Sub-Saharan Africa"}, {"Country": "Eritrea", "Country_Code": "ERI", "Region_Type": "Sub-Saharan Africa"}, {"Country": "Eswatini", "Country_Code": "SWZ", "Region_Type": "Sub-Saharan Africa"}, {"Country": "Ethiopia", "Country_Code": "ETH", "Region_Type": "Sub-Saharan Africa"}, {"Country": "Gabon", "Country_Code": "GAB", "Region_Type": "Sub-Saharan Africa"}, {"Country": "Gambia, The", "Country_Code": "GMB", "Region_Type": "Sub-Saharan Africa"}, {"Country": "Ghana", "Country_Code": "GHA", "Region_Type": "Sub-Saharan Africa"}, {"Country": "Guinea", "Country_Code": "GIN", "Region_Type": "Sub-Saharan Africa"}, {"Country": "Guinea-Bissau", "Country_Code": "GNB", "Region_Type": "Sub-Saharan Africa"}, {"Country": "Kenya", "Country_Code": "KEN", "Region_Type": "Sub-Saharan Africa"}, {"Country": "Lesotho", "Country_Code": "LSO", "Region_Type": "Sub-Saharan Africa"}, {"Country": "Liberia", "Country_Code": "LBR", "Region_Type": "Sub-Saharan Africa"}, {"Country": "Libya", "Country_Code": "LBY", "Region_Type": "North Africa"}, {"Country": "Madagascar", "Country_Code": "MDG", "Region_Type": "Sub-Saharan Africa"}, {"Country": "Malawi", "Country_Code": "MWI", "Region_Type": "Sub-Saharan Africa"}, {"Country": "Mali", "Country_Code": "MLI", "Region_Type": "Sub-Saharan Africa"}, {"Country": "Mauritania", "Country_Code": "MRT", "Region_Type": "Sub-Saharan Africa"}, {"Country": "Mauritius", "Country_Code": "MUS", "Region_Type": "Sub-Saharan Africa"}, {"Country": "Morocco", "Country_Code": "MAR", "Region_Type": "North Africa"}, {"Country": "Mozambique", "Country_Code": "MOZ", "Region_Type": "Sub-Saharan Africa"}, {"Country": "Namibia", "Country_Code": "NAM", "Region_Type": "Sub-Saharan Africa"}, {"Country": "Niger", "Country_Code": "NER", "Region_Type": "Sub-Saharan Africa"}, {"Country": "Nigeria", "Country_Code": "NGA", "Region_Type": "Sub-Saharan Africa"}, {"Country": "Rwanda", "Country_Code": "RWA", "Region_Type": "Sub-Saharan Africa"}, {"Country": "Sao Tome and Principe", "Country_Code": "STP", "Region_Type": "Sub-Saharan Africa"}, {"Country": "Senegal", "Country_Code": "SEN", "Region_Type": "Sub-Saharan Africa"}, {"Country": "Seychelles", "Country_Code": "SYC", "Region_Type": "Sub-Saharan Africa"}, {"Country": "Sierra Leone", "Country_Code": "SLE", "Region_Type": "Sub-Saharan Africa"}, {"Country": "Somalia", "Country_Code": "SOM", "Region_Type": "Sub-Saharan Africa"}, {"Country": "Somalia, Fed. Rep.", "Country_Code": "SOM", "Region_Type": "Sub-Saharan Africa"}, {"Country": "South Africa", "Country_Code": "ZAF", "Region_Type": "Sub-Saharan Africa"}, {"Country": "South Sudan", "Country_Code": "SSD", "Region_Type": "Sub-Saharan Africa"}, {"Country": "Sudan", "Country_Code": "SDN", "Region_Type": "Sub-Saharan Africa"}, {"Country": "Tanzania", "Country_Code": "TZA", "Region_Type": "Sub-Saharan Africa"}, {"Country": "Togo", "Country_Code": "TGO", "Region_Type": "Sub-Saharan Africa"}, {"Country": "Tunisia", "Country_Code": "TUN", "Region_Type": "North Africa"}, {"Country": "Uganda", "Country_Code": "UGA", "Region_Type": "Sub-Saharan Africa"}, {"Country": "Zambia", "Country_Code": "ZMB", "Region_Type": "Sub-Saharan Africa"}, {"Country": "Zimbabwe", "Country_Code": "ZWE", "Region_Type": "Sub-Saharan Africa"}]}}